{"cameraMode":{"drawMode":0,"name":"Shaded","section":"Shading Mode"},"sceneLighting":false,"audioPlay":false,"sceneViewState":{"m_AlwaysRefresh":false,"showFog":true,"showSkybox":false,"showFlares":true,"showImageEffects":true,"showParticleSystems":true,"showVisualEffectGraphs":true,"m_FxEnabled":true},"in2DMode":false,"pivot":{"x":1.1139732599258423,"y":0.3944098949432373,"z":16.29599380493164},"rotation":{"x":0.49886083602905276,"y":0.10401678830385208,"z":-0.060457196086645129,"w":0.8582913279533386},"size":8.675662994384766,"orthographic":false}