{"cameraMode":{"drawMode":0,"name":"Shaded","section":"Shading Mode"},"sceneLighting":false,"audioPlay":false,"sceneViewState":{"m_AlwaysRefresh":false,"showFog":true,"showSkybox":false,"showFlares":true,"showImageEffects":true,"showParticleSystems":true,"showVisualEffectGraphs":true,"m_FxEnabled":true},"in2DMode":false,"pivot":{"x":-0.19040775299072267,"y":1.2997220754623414,"z":15.518589973449707},"rotation":{"x":0.19924423098564149,"y":-0.30792635679244997,"z":0.06611526757478714,"w":0.9279622435569763},"size":1.736883521080017,"orthographic":false}