{"cameraMode":{"drawMode":0,"name":"Shaded","section":"Shading Mode"},"sceneLighting":true,"audioPlay":false,"sceneViewState":{"m_AlwaysRefresh":false,"showFog":true,"showSkybox":true,"showFlares":true,"showImageEffects":true,"showParticleSystems":true,"showVisualEffectGraphs":true,"m_FxEnabled":true},"in2DMode":false,"pivot":{"x":42.276283264160159,"y":18.363567352294923,"z":-5.4870710372924809},"rotation":{"x":0.04445014148950577,"y":-0.24762779474258424,"z":0.011373762972652913,"w":0.9677691459655762},"size":24.8214054107666,"orthographic":true}