{"cameraMode":{"drawMode":0,"name":"Shaded","section":"Shading Mode"},"sceneLighting":true,"audioPlay":false,"sceneViewState":{"m_AlwaysRefresh":false,"showFog":true,"showSkybox":true,"showFlares":true,"showImageEffects":true,"showParticleSystems":true,"showVisualEffectGraphs":true,"m_FxEnabled":true},"in2DMode":false,"pivot":{"x":14.423382759094239,"y":25.080347061157228,"z":-17.045791625976564},"rotation":{"x":0.38354116678237917,"y":-0.3712363839149475,"z":0.17197133600711823,"w":0.8279533982276917},"size":5.821487903594971,"orthographic":false}