{"cameraMode":{"drawMode":0,"name":"Shaded","section":"Shading Mode"},"sceneLighting":true,"audioPlay":false,"sceneViewState":{"m_AlwaysRefresh":false,"showFog":true,"showSkybox":true,"showFlares":true,"showImageEffects":true,"showParticleSystems":true,"showVisualEffectGraphs":true,"m_FxEnabled":true},"in2DMode":false,"pivot":{"x":248.59555053710938,"y":-27.38064956665039,"z":144.61724853515626},"rotation":{"x":0.22753463685512544,"y":-0.26142629981040957,"z":0.06355992704629898,"w":0.9358656406402588},"size":76.55542755126953,"orthographic":false}