{"cameraMode":{"drawMode":0,"name":"Shaded","section":"Shading Mode"},"sceneLighting":false,"audioPlay":false,"sceneViewState":{"m_AlwaysRefresh":false,"showFog":true,"showSkybox":false,"showFlares":true,"showImageEffects":true,"showParticleSystems":true,"showVisualEffectGraphs":true,"m_FxEnabled":true},"in2DMode":false,"pivot":{"x":0.31711673736572268,"y":0.9846916198730469,"z":3.931537628173828},"rotation":{"x":0.08172893524169922,"y":0.9182484745979309,"z":-0.2705205976963043,"w":0.2774183750152588},"size":1.2247753143310547,"orthographic":false}